first_name,last_name,ssn,email,xid,balance
Olivia,Nguyen,999-02-2001,olivia.nguyen@example.com,XID60112,7830.25
Ethan,Patel,999-02-2002,e.patel@testmail.org,XID60234,310.5
Sophia,Kim,999-02-2003,skim93@provider.net,XID60345,14200.8
Liam,Reyes,999-02-2004,liam.r@company.com,XID60478,62.4
Isabella,Chen,999-02-2005,ichen@webmail.com,XID60501,9500.12
Noah,Okafor,999-02-2006,noah.okafor@example.com,XID60623,1840
Ava,Singh,999-02-2007,asingh@test.io,XID60747,520.75
Mason,Tanaka,999-02-2008,m.tanaka@service.com,XID60859,6430.9
Mia,Johansson,999-02-2009,mia.j@mailbox.org,XID60982,275
Charlotte,Ali,999-02-2010,cali@random.net,XID61004,11200.35
Lucas,Rivera,999-02-2011,lrivera@domain.com,XID61138,890.6
Amelia,Das,999-02-2012,amelia.das@web.com,XID61249,5200
Logan,Kowalski,999-02-2013,l.kowalski@example.net,XID61372,128.45
Harper,Yamamoto,999-02-2014,hyamamoto@test.com,XID61483,3650.7
Aiden,Mendoza,999-02-2015,amendoza@corp.org,XID61504,72.1
Ella,Novak,999-02-2016,enovak@provider.com,XID61639,11450
Jackson,Gupta,999-02-2017,j.gupta@webmail.org,XID61741,380.25
Luna,Santos,999-02-2018,lsantos@mailbox.net,XID61872,8300.6
Sebastian,Muller,999-02-2019,s.muller@service.io,XID61903,1540.4
Aria,Dubois,999-02-2020,aria.d@testmail.com,XID62034,95.8
Henry,Park,999-02-2021,hpark@example.org,XID62158,4620
Scarlett,Ivanova,999-02-2022,sivanova@corp.net,XID62271,7100.3
Owen,Nakamura,999-02-2023,onakamura@webmail.com,XID62384,28.5
Layla,Ferreira,999-02-2024,lferreira@domain.com,XID62409,2890.15
Caleb,Andersen,999-02-2025,candersen@test.com,XID62538,640
Penelope,Larsson,999-02-2026,plarsson@provider.net,XID62642,9100.4
Wyatt,Hassan,999-02-2027,whassan@example.com,XID62773,175
Riley,Suzuki,999-02-2028,rsuzuki@webmail.org,XID62801,3400.9
Jack,Orozco,999-02-2029,jorozco@corp.com,XID62934,510.3
Zoey,Petrov,999-02-2030,zpetrov@mailbox.net,XID63049,12800.55
Grayson,Sharma,999-02-2031,gsharma@testmail.org,XID63172,480.7
Nora,Hoffman,999-02-2032,nhoffman@service.com,XID63284,6200
Leo,Alvarado,999-02-2033,lalvarado@example.net,XID63309,1930.25
Lily,Nguyen,999-02-2034,lnguyen@domain.org,XID63438,740.5
Mateo,Fischer,999-02-2035,mfischer@web.com,XID63540,10300
Hazel,Moreno,999-02-2036,hmoreno@provider.com,XID63672,285.15
Lincoln,Sato,999-02-2037,lsato@test.io,XID63781,8700
Ellie,Popov,999-02-2038,epopov@corp.com,XID63803,58.9
Miles,Castillo,999-02-2039,mcastillo@example.org,XID63934,3100.45
Violet,Rahman,999-02-2040,vrahman@webmail.net,XID64042,920
Ezra,Lindberg,999-02-2041,elindberg@domain.com,XID64178,150.8
Willow,Ito,999-02-2042,wito@service.com,XID64281,5600
Jaxon,Vasquez,999-02-2043,jvasquez@testmail.org,XID64303,390.6
Nova,Bergman,999-02-2044,nbergman@example.net,XID64439,2400.4
Asher,Choi,999-02-2045,achoi@mailbox.com,XID64540,88.75
Stella,Kravitz,999-02-2046,skravitz@corp.net,XID64672,7300
Levi,Gutierrez,999-02-2047,lgutierrez@web.com,XID64781,210.5
Aurora,Olsen,999-02-2048,aolsen@provider.org,XID64803,4100
Jayden,Takahashi,999-02-2049,jtakahashi@test.com,XID64934,1280.3
Isla,Romanova,999-02-2050,iromanova@example.com,XID65048,560.9
Maverick,Espinosa,999-02-2051,mespinosa@domain.net,XID65172,9400
Chloe,Becker,999-02-2052,cbecker@webmail.org,XID65284,430.1
Elias,Marquez,999-02-2053,emarquez@service.com,XID65309,6800.55
Ivy,Johanssen,999-02-2054,ijohanssen@corp.com,XID65438,110
Hudson,Pham,999-02-2055,hpham@testmail.net,XID65540,3700.2
Emilia,Voronova,999-02-2056,evoronova@example.org,XID65672,85.4
Kai,Ibrahim,999-02-2057,kibrahim@mailbox.com,XID65781,5200.7
Kinsley,Delgado,999-02-2058,kdelgado@provider.net,XID65803,920
Theodore,Ahn,999-02-2059,tahn@domain.org,XID65934,14500.3
Madeline,Szabo,999-02-2060,mszabo@webmail.com,XID66048,62.5
Gabriel,Herrera,999-02-2061,gherrera@test.io,XID66172,4300.8
Naomi,Kato,999-02-2062,nkato@corp.net,XID66284,780
Cooper,Sandoval,999-02-2063,csandoval@example.com,XID66309,2100.15
Ruby,Engstrom,999-02-2064,rengstrom@service.com,XID66438,540.4
Nathan,Cruz,999-02-2065,ncruz@mailbox.org,XID66540,11200.9
Savannah,Kozlov,999-02-2066,skozlov@testmail.com,XID66672,195.75
Weston,Ochoa,999-02-2067,wochoa@domain.net,XID66781,8600
Hannah,Lindqvist,999-02-2068,hlindqvist@web.com,XID66803,320.6
Dylan,Tran,999-02-2069,dtran@provider.org,XID66934,6100.45
Paisley,Lehmann,999-02-2070,plehmann@example.net,XID67048,42.3
Adrian,Fuentes,999-02-2071,afuentes@corp.com,XID67172,3500
Addison,Kimura,999-02-2072,akimura@test.io,XID67284,870.2
Christian,Volkov,999-02-2073,cvolkov@webmail.net,XID67309,9800
Brooklyn,Rojas,999-02-2074,brojas@mailbox.com,XID67438,450.55
Luke,Petersson,999-02-2075,lpeterson@domain.org,XID67540,2300
Aubrey,Chandra,999-02-2076,achandra@service.com,XID67672,130.8
Dominic,Salazar,999-02-2077,dsalazar@example.com,XID67781,7500.4
Genesis,Nilsson,999-02-2078,gnilsson@testmail.net,XID67803,600
Josiah,Padilla,999-02-2079,jpadilla@corp.net,XID67934,4800.25
Claire,Bhatt,999-02-2080,cbhatt@webmail.org,XID68048,88
Hunter,Acosta,999-02-2081,hacosta@mailbox.com,XID68172,10400.7
Autumn,Ramos,999-02-2082,aramos@provider.com,XID68284,280.3
Thomas,Fedorov,999-02-2083,tfedorov@example.org,XID68309,5600
Kylie,Cortez,999-02-2084,kcortez@domain.net,XID68438,920.5
Isaiah,Hayashi,999-02-2085,ihayashi@test.io,XID68540,1750.6
Alice,Medina,999-02-2086,amedina@corp.com,XID68672,48
Jordan,Eriksson,999-02-2087,jeriksson@webmail.net,XID68781,3900.45
Morgan,Vargas,999-02-2088,mvargas@service.com,XID68803,670.8
Carter,Nishimura,999-02-2089,cnishimura@example.com,XID68934,8200
Sydney,Cabrera,999-02-2090,scabrera@testmail.org,XID69048,210.15
Landon,Kozlova,999-02-2091,lkozlova@domain.org,XID69172,5100
Samantha,Ohara,999-02-2092,sohara@mailbox.net,XID69284,380.7
Roman,Aguilar,999-02-2093,raguilar@corp.net,XID69309,12600
Peyton,Lund,999-02-2094,plund@webmail.com,XID69438,95.25
Jace,Montes,999-02-2095,jmontes@provider.net,XID69540,4200.4
Lydia,Antonov,999-02-2096,lantonov@example.net,XID69672,720
Maxwell,Duarte,999-02-2097,mduarte@test.com,XID69781,6900.55
Elena,Barros,999-02-2098,ebarros@corp.com,XID69803,155.3
Blake,Watanabe,999-02-2099,bwatanabe@domain.com,XID69934,3400
Gianna,Holm,999-02-2100,gholm@webmail.org,XID70048,530.9
